235.87.175.179,63.242.28.75,28190,43337,
200.48.174.119,204.150.192.9,16175,9894,
110.249.210.132,201.237.113.95,30037,53792,
88.119.84.3,17.137.85.232,48807,60427,
55.63.172.23,218.42.29.8,43324,47239,
232.30.17.242,0.55.67.38,6093,24805,
152.25.215.8,36.223.227.28,29976,29805,
107.23.153.244,178.167.249.149,4952,27109,
217.7.139.193,80.98.95.69,5440,35878,
86.192.129.202,144.148.193.105,24836,59993,
105.95.91.115,203.148.195.71,62636,59053,
212.154.235.88,157.210.183.144,20652,5958,
106.130.44.80,160.104.254.24,125,51947,
161.30.155.42,241.66.228.224,54134,57004,
151.24.50.114,133.171.107.167,65335,45674,
242.217.119.40,56.207.81.197,8354,40518,
153.155.108.226,78.217.250.180,3424,28986,
71.149.196.130,36.225.160.25,12126,13139,
159.102.233.110,99.224.82.142,25214,60489,
142.236.40.245,118.75.121.176,59031,27027,
65.18.116.193,53.248.22.235,19026,38244,
121.191.235.134,109.217.189.169,46670,1450,
156.36.115.177,55.88.39.147,58033,60915,
36.50.138.190,63.23.226.147,16478,36805,
174.16.103.99,192.30.222.145,14179,54571,
191.78.224.30,31.39.83.30,44512,29922,
178.146.89.146,154.217.101.25,50956,19632,
109.122.111.140,168.102.140.120,58218,31052,
18.2.135.169,91.60.150.176,32668,21436,
111.9.212.222,131.226.79.76,40037,22182,
91.152.81.62,235.243.234.237,51143,370,
178.43.135.106,138.250.58.36,37443,58434,
120.106.233.55,206.200.12.246,15163,42386,
202.200.61.45,89.218.20.202,53375,36247,
105.237.103.248,188.229.246.242,32791,4807,
99.18.144.107,114.78.175.42,38195,1778,
201.219.237.40,12.237.25.244,53701,35030,
141.63.132.105,61.224.150.220,40041,48810,
74.207.252.121,136.70.128.219,47492,42326,
211.125.116.255,49.117.93.224,59049,20573,
145.242.53.27,23.74.142.142,33280,4111,
6.82.187.49,98.153.212.211,56728,27358,
169.79.183.58,154.18.137.141,59488,19176,
179.163.60.168,86.249.251.7,4692,59915,
182.152.243.249,84.43.160.65,54558,45283,
44.232.201.123,47.105.241.7,3523,10114,
111.209.3.149,46.252.6.200,53832,63025,
135.184.232.249,191.86.7.17,28087,56414,
146.236.99.98,40.79.92.157,62565,59215,
194.195.16.44,159.202.59.176,6695,60661,
196.117.4.102,136.254.4.207,36844,27448,
175.122.104.160,143.108.34.249,35852,25161,
141.95.75.147,21.227.169.89,61808,23577,
126.49.176.177,150.96.226.104,18841,64668,
80.139.123.211,255.15.152.67,31857,59178,
207.109.132.69,166.42.66.22,8288,23444,
245.158.65.67,109.211.159.24,32101,53157,
246.193.92.205,209.185.214.159,51713,256,
184.108.247.32,32.156.120.2,43091,13661,
123.246.150.62,244.73.36.19,12270,2776,
189.76.197.251,131.174.18.22,25967,15314,
150.114.192.244,71.68.85.48,26555,39450,
19.134.135.67,45.99.216.179,36217,35947,
171.54.146.15,225.158.77.172,21520,44927,
240.167.19.153,125.234.221.223,17405,47697,
146.64.100.89,95.200.226.43,13723,23228,
166.61.117.247,135.217.104.177,41173,30707,
86.63.175.98,109.38.167.175,1771,26966,
103.137.79.151,46.100.57.30,39547,29574,
87.183.120.240,60.192.202.224,49484,12388,
44.67.142.182,93.124.121.124,61495,21999,
169.189.91.197,208.108.241.218,64952,45147,
27.160.86.153,110.150.145.35,19700,25554,
112.22.197.139,32.241.105.53,46120,46517,
165.64.230.244,231.147.193.17,57133,16795,
43.180.234.161,252.173.119.25,8843,3788,
136.229.135.213,226.228.43.85,36762,3512,
185.70.70.203,198.48.149.158,2520,43767,
135.145.63.78,219.84.50.62,21911,13813,
73.39.55.46,214.14.92.117,46644,20980,
103.206.233.195,143.144.79.169,50276,31706,
207.77.111.178,88.114.147.197,21074,42826,
247.143.43.194,242.56.86.113,31084,58984,
28.50.120.2,221.245.81.164,62877,405,
35.108.244.126,255.161.241.222,9626,2355,
210.228.228.64,146.208.216.92,35681,4301,
90.193.107.167,73.234.252.253,48268,11338,
87.166.130.68,76.214.195.18,41074,26664,
21.40.95.107,99.10.48.51,61104,138,
87.218.212.112,115.65.176.172,26466,24616,
16.76.146.152,108.115.199.178,54009,12853,
3.158.69.147,195.217.174.244,31956,22883,
3.145.227.87,28.156.184.198,56311,11979,
177.12.49.166,192.226.104.63,52045,33515,
161.93.120.145,160.156.117.176,49719,54331,
104.128.77.189,80.47.15.146,57434,42398,
70.196.179.94,73.3.137.137,46498,64223,
29.209.82.35,254.127.226.36,20331,45798,
236.114.117.62,74.51.186.224,55348,51922,
173.166.246.129,45.49.173.190,7296,17267,
188.203.244.16,34.14.42.251,54294,53708,
206.232.185.128,184.125.77.102,23820,15823,
35.233.39.39,40.25.170.215,41000,24336,
69.196.240.66,6.164.35.56,62221,61308,
142.212.215.72,35.19.154.222,58108,48505,
50.134.105.145,203.110.165.189,16389,41013,
195.14.139.111,46.194.64.54,17950,49450,
43.54.95.80,129.71.233.178,46775,28427,
17.7.224.203,215.125.159.82,60230,29922,
18.42.40.156,83.251.228.104,226,32274,
211.45.30.0,222.203.69.69,31354,55806,
186.88.183.79,185.125.15.82,36739,30620,
243.129.109.86,123.124.109.71,34613,5037,
66.16.130.252,183.167.114.88,35609,56686,
249.57.214.31,110.163.222.172,36689,59554,
208.130.151.235,163.55.186.118,1265,27893,
250.197.69.205,180.14.23.226,25164,60785,
88.165.182.183,161.72.244.85,38382,21327,
147.111.141.78,252.191.168.115,55264,16884,
30.86.114.3,230.13.196.29,4860,58612,
3.147.101.61,147.201.48.54,61114,5123,
55.164.149.97,76.21.195.246,27970,54114,
124.236.164.125,36.63.78.99,40406,18575,
96.124.225.49,85.86.241.100,48284,24888,
10.133.161.134,177.217.188.56,57025,23379,
3.56.207.50,243.184.65.193,62423,2425,
43.11.19.164,60.100.184.203,10224,36566,
210.187.51.90,29.12.193.22,15724,9860,
160.4.25.108,164.121.56.68,21788,49995,
226.200.241.169,96.138.142.8,36537,45228,
81.172.224.150,153.69.213.244,50628,61184,
120.30.176.150,140.90.191.109,18946,32944,
52.253.209.19,136.39.98.208,31183,61604,
196.237.75.254,53.196.56.165,2382,8021,
196.195.227.1,21.37.102.45,61929,39618,
159.174.100.126,150.123.133.225,20102,47238,
121.96.174.166,43.229.46.174,27335,45956,
43.10.97.162,130.103.144.210,13793,59609,
70.146.98.14,182.174.207.165,58644,54380,
185.40.166.95,235.170.78.216,39749,7710,
131.219.218.86,65.238.59.103,24177,64418,
241.73.198.213,109.46.35.254,59900,38012,
215.4.169.67,104.56.150.151,50788,24871,
24.57.130.83,7.57.47.239,31267,20329,
9.127.165.77,174.176.213.58,56991,54770,
161.253.42.131,199.183.57.173,2537,64785,
94.82.62.209,61.57.128.56,11666,34827,
244.133.176.248,139.83.179.144,54648,61435,
84.116.122.118,70.233.154.160,17469,48521,
9.5.233.122,41.167.137.94,28346,42258,
133.227.103.129,75.133.90.187,19066,39847,
45.56.152.16,171.173.14.221,41387,47632,
171.10.251.14,18.174.40.73,43690,52895,
103.42.242.79,126.150.135.252,51369,31744,
6.133.229.74,52.87.192.168,51745,43911,
249.184.66.119,51.30.41.255,53989,11075,
1.5.197.1,19.215.199.177,8825,5726,
235.175.196.47,2.221.146.84,15952,38631,
173.230.108.174,55.10.56.114,7490,48406,
0.121.1.95,3.228.225.150,51123,39617,
101.195.63.55,235.226.212.45,46237,790,
122.123.215.173,92.38.50.163,4053,1948,
89.216.99.126,71.245.119.27,49982,53448,
132.66.204.228,217.181.219.106,63684,35527,
93.65.131.104,55.173.252.96,63501,59199,
82.18.174.191,92.158.166.185,19656,15428,
102.48.174.221,211.251.215.68,50160,60347,
72.3.122.244,178.124.247.227,1795,58939,
190.228.50.187,81.212.121.238,61378,60989,
234.121.235.38,10.99.235.133,7540,56575,
84.118.211.71,151.55.20.226,63040,30244,
159.134.53.197,234.74.34.67,15957,5448,
231.51.79.95,136.223.16.39,55884,9769,
50.109.185.172,193.0.65.59,22296,48135,
29.88.20.238,35.171.206.122,11384,37230,
9.15.8.132,254.16.244.57,60272,52114,
118.93.139.46,187.245.165.96,56316,60600,
63.196.200.43,251.85.213.151,27345,23490,
57.217.155.255,143.92.148.24,54503,56025,
157.21.240.20,223.151.197.233,39592,16267,
104.59.169.118,11.44.239.12,30543,49354,
81.186.227.68,201.52.207.8,31529,29690,
10.53.195.54,133.190.170.34,20247,2004,
88.203.210.168,55.22.85.37,26744,44337,
254.19.50.236,75.94.102.47,43666,59742,
24.211.31.177,89.241.165.149,16744,36353,
227.128.153.187,254.31.192.79,25531,37503,
20.71.67.157,73.28.225.206,15474,48693,
100.140.215.82,247.80.50.61,10486,55412,
49.56.233.46,177.116.39.150,38807,12237,
190.105.102.11,129.106.43.74,30203,19742,
217.139.151.149,149.136.5.168,12012,63441,
88.1.128.214,43.119.223.252,58758,44224,
22.200.31.239,23.99.138.220,53229,46743,
94.33.53.65,255.150.105.137,26900,4044,
78.111.0.231,40.42.79.98,46485,20278,
137.161.209.197,29.238.129.88,58738,28953,
59.17.97.212,23.168.184.6,36780,25055,
9.71.103.57,167.5.255.85,44873,45937,
191.15.202.34,16.190.213.95,14065,60750,